2.000000000000000000e+02,-4.554892148602094903e-01
3.000000000000000000e+02,-6.881221298678110720e-01
4.000000000000000000e+02,-1.033244736113527296e+00
5.000000000000000000e+02,-1.552306981690685816e+00
6.000000000000000000e+02,-2.328327833623034415e+00
7.000000000000000000e+02,-3.469511888665267829e+00
8.000000000000000000e+02,-5.103074320355666771e+00
9.000000000000000000e+02,-7.352919627681054671e+00
1.000000000000000000e+03,-1.029776776654010995e+01
1.100000000000000000e+03,-1.391942126280836511e+01
1.200000000000000000e+03,-1.806879045479087864e+01
1.300000000000000000e+03,-2.248145866715938013e+01
1.400000000000000000e+03,-2.684924171211149968e+01
1.500000000000000000e+03,-3.091340986222741805e+01
1.600000000000000000e+03,-3.452718600732872289e+01
1.700000000000000000e+03,-3.765955607341685862e+01
1.800000000000000000e+03,-4.035587173147720819e+01
1.900000000000000000e+03,-4.269276320272962266e+01
2.000000000000000000e+03,-4.475098777418239138e+01
2.100000000000000000e+03,-4.660396917228803915e+01
2.200000000000000000e+03,-4.831184768023935305e+01
2.300000000000000000e+03,-4.991830729314484927e+01
2.400000000000000000e+03,-5.145061580177064542e+01
2.500000000000000000e+03,-5.292272698946897691e+01
2.600000000000000000e+03,-5.434144525439945994e+01
2.700000000000000000e+03,-5.571272912626565699e+01
2.800000000000000000e+03,-5.704388476685520004e+01
2.900000000000000000e+03,-5.834241038800217893e+01
3.000000000000000000e+03,-5.961474557888054449e+01
3.100000000000000000e+03,-6.086605816881135667e+01
3.200000000000000000e+03,-6.210023148265835147e+01
3.300000000000000000e+03,-6.331958557499739015e+01
3.400000000000000000e+03,-6.452476805504961987e+01
3.500000000000000000e+03,-6.571521295468210155e+01
3.600000000000000000e+03,-6.688996340598177426e+01
3.700000000000000000e+03,-6.804825393283323365e+01
3.800000000000000000e+03,-6.918962336374480060e+01
3.900000000000000000e+03,-7.031388298582004381e+01
4.000000000000000000e+03,-7.142117377050330163e+01
4.100000000000000000e+03,-7.251201938378638090e+01
4.200000000000000000e+03,-7.358725886914572811e+01
4.300000000000000000e+03,-7.464784138575333827e+01
4.400000000000000000e+03,-7.569460323018279269e+01
4.500000000000000000e+03,-7.672821510525466238e+01
4.600000000000000000e+03,-7.774924482194262509e+01
4.700000000000000000e+03,-7.875807372318865873e+01
4.800000000000000000e+03,-7.975463504893625100e+01
4.900000000000000000e+03,-8.073823859557811033e+01
5.000000000000000000e+03,-8.170771766796971747e+01
5.100000000000000000e+03,-8.266184196823965635e+01
5.200000000000000000e+03,-8.359964369634425907e+01
5.300000000000000000e+03,-8.452029286196568592e+01
5.400000000000000000e+03,-8.542256389229554259e+01
5.500000000000000000e+03,-8.630443723811720247e+01
5.600000000000000000e+03,-8.716319040603525536e+01
5.700000000000000000e+03,-8.799596154199966236e+01
5.800000000000000000e+03,-8.880067434851278563e+01
5.900000000000000000e+03,-8.957651166935717413e+01
6.000000000000000000e+03,-9.032367054187236022e+01
6.100000000000000000e+03,-9.104303032768878268e+01
6.200000000000000000e+03,-9.173593734861839266e+01
6.300000000000000000e+03,-9.240401386120871052e+01
6.400000000000000000e+03,-9.304895841231433451e+01
6.500000000000000000e+03,-9.367237046481281482e+01
6.600000000000000000e+03,-9.427568327100092915e+01
6.700000000000000000e+03,-9.486022146035372771e+01
6.800000000000000000e+03,-9.542729014629748008e+01
6.900000000000000000e+03,-9.597821131003705375e+01
7.000000000000000000e+03,-9.651430551926546286e+01
7.100000000000000000e+03,-9.703685800569454045e+01
7.200000000000000000e+03,-9.754710057798340017e+01
7.300000000000000000e+03,-9.804621485263662350e+01
7.400000000000000000e+03,-9.853533771821494724e+01
7.500000000000000000e+03,-9.901555024159648610e+01
7.600000000000000000e+03,-9.948785349069717654e+01
7.700000000000000000e+03,-9.995314866823886746e+01
7.800000000000000000e+03,-1.004122335094078124e+02
7.900000000000000000e+03,-1.008658162878299009e+02
8.000000000000000000e+03,-1.013145427941567789e+02
8.100000000000000000e+03,-1.017590285006691317e+02
8.200000000000000000e+03,-1.021998860152396560e+02
8.300000000000000000e+03,-1.026377381798515955e+02
8.400000000000000000e+03,-1.030732099845110383e+02
8.500000000000000000e+03,-1.035068966299339479e+02
8.600000000000000000e+03,-1.039393104245706212e+02
8.700000000000000000e+03,-1.043708174744845962e+02
8.800000000000000000e+03,-1.048015873296452725e+02
8.900000000000000000e+03,-1.052315872040134934e+02
9.000000000000000000e+03,-1.056606391062871353e+02
9.100000000000000000e+03,-1.060885197503742461e+02
9.200000000000000000e+03,-1.065150520796531737e+02
9.300000000000000000e+03,-1.069401471867700053e+02
9.400000000000000000e+03,-1.073637946441276370e+02
9.500000000000000000e+03,-1.077860294224363713e+02
9.600000000000000000e+03,-1.082069050423868077e+02
9.700000000000000000e+03,-1.086264844292422680e+02
9.800000000000000000e+03,-1.090448421073136558e+02
9.900000000000000000e+03,-1.094620661615226993e+02
1.000000000000000000e+04,-1.098782537740366934e+02
1.010000000000000000e+04,-1.102935013475300536e+02
1.020000000000000000e+04,-1.107078936378784135e+02
1.030000000000000000e+04,-1.111214957863817290e+02
1.040000000000000000e+04,-1.115343517792956618e+02
1.050000000000000000e+04,-1.119464967619365154e+02
1.060000000000000000e+04,-1.123579920826588108e+02
1.070000000000000000e+04,-1.127689750546431355e+02
1.080000000000000000e+04,-1.131796811023328218e+02
1.090000000000000000e+04,-1.135903720513565531e+02
1.100000000000000000e+04,-1.140011269787693351e+02
1.110000000000000000e+04,-1.144115555428653579e+02
1.120000000000000000e+04,-1.148206382998503017e+02
1.130000000000000000e+04,-1.152268758207627002e+02
1.140000000000000000e+04,-1.156286689937276151e+02
1.150000000000000000e+04,-1.160246916039153717e+02
1.160000000000000000e+04,-1.164140824316068574e+02
1.170000000000000000e+04,-1.167964134694255733e+02
1.180000000000000000e+04,-1.171715355051379532e+02
1.190000000000000000e+04,-1.175394464226556295e+02
1.200000000000000000e+04,-1.179002384390353910e+02
1.210000000000000000e+04,-1.182540944566004839e+02
1.220000000000000000e+04,-1.186012868354845295e+02
1.230000000000000000e+04,-1.189421545002438592e+02
1.240000000000000000e+04,-1.192770615627623272e+02
1.250000000000000000e+04,-1.196063562612107489e+02
1.260000000000000000e+04,-1.199303484550948014e+02
1.270000000000000000e+04,-1.202493113406597161e+02
1.280000000000000000e+04,-1.205634979489993839e+02
1.290000000000000000e+04,-1.208731562015639724e+02
1.300000000000000000e+04,-1.211785319281122781e+02
1.310000000000000000e+04,-1.214798602679957611e+02
1.320000000000000000e+04,-1.217773530754137425e+02
1.330000000000000000e+04,-1.220711906568114102e+02
1.340000000000000000e+04,-1.223615223771309104e+02
1.350000000000000000e+04,-1.226484752262311417e+02
1.360000000000000000e+04,-1.229321653957314879e+02
1.370000000000000000e+04,-1.232127075477592371e+02
1.380000000000000000e+04,-1.234902192794332336e+02
1.390000000000000000e+04,-1.237648215242253116e+02
1.400000000000000000e+04,-1.240366370669111973e+02
1.410000000000000000e+04,-1.243057889246221919e+02
1.420000000000000000e+04,-1.245723992428391966e+02
1.430000000000000000e+04,-1.248365885385240404e+02
1.440000000000000000e+04,-1.250984748560032926e+02
1.450000000000000000e+04,-1.253581725074758424e+02
1.460000000000000000e+04,-1.256157903060801573e+02
1.470000000000000000e+04,-1.258714294423012916e+02
1.480000000000000000e+04,-1.261251813856467550e+02
1.490000000000000000e+04,-1.263771263914512701e+02
1.500000000000000000e+04,-1.266273332644091454e+02
1.510000000000000000e+04,-1.268758608537742134e+02
1.520000000000000000e+04,-1.271227612985289426e+02
1.530000000000000000e+04,-1.273680844460045307e+02
1.540000000000000000e+04,-1.276118823956603876e+02
1.550000000000000000e+04,-1.278542129880564602e+02
1.560000000000000000e+04,-1.280951413105910035e+02
1.570000000000000000e+04,-1.283347388037343251e+02
1.580000000000000000e+04,-1.285730801446240719e+02
1.590000000000000000e+04,-1.288102386272398405e+02
1.600000000000000000e+04,-1.290462811972334407e+02
1.610000000000000000e+04,-1.292812645902624809e+02
1.620000000000000000e+04,-1.295152340016122992e+02
1.630000000000000000e+04,-1.297482251130930138e+02
1.640000000000000000e+04,-1.299802690729696621e+02
1.650000000000000000e+04,-1.302113986789045157e+02
1.660000000000000000e+04,-1.304416533625744137e+02
1.670000000000000000e+04,-1.306710809781393152e+02
1.680000000000000000e+04,-1.308997355289611733e+02
1.690000000000000000e+04,-1.311276713748848692e+02
1.700000000000000000e+04,-1.313549359570011461e+02
1.710000000000000000e+04,-1.315815643665330299e+02
1.720000000000000000e+04,-1.318075793387634462e+02
1.730000000000000000e+04,-1.320329985481453434e+02
1.740000000000000000e+04,-1.322578476773982175e+02
1.750000000000000000e+04,-1.324821747039918591e+02
1.760000000000000000e+04,-1.327060605550282162e+02
1.770000000000000000e+04,-1.329296239247283893e+02
1.780000000000000000e+04,-1.331530214825601774e+02
1.790000000000000000e+04,-1.333764468561112153e+02
1.800000000000000000e+04,-1.336001324277003732e+02
1.810000000000000000e+04,-1.338243580618620001e+02
1.820000000000000000e+04,-1.340494708526368584e+02
1.830000000000000000e+04,-1.342759195022766221e+02
1.840000000000000000e+04,-1.345043059527631613e+02
1.850000000000000000e+04,-1.347354560180812655e+02
1.860000000000000000e+04,-1.349705085275241174e+02
1.870000000000000000e+04,-1.352110078795442689e+02
1.880000000000000000e+04,-1.354589212438011998e+02
1.890000000000000000e+04,-1.357163029086890447e+02
1.900000000000000000e+04,-1.359839716321701815e+02
1.910000000000000000e+04,-1.362589284307269111e+02
1.920000000000000000e+04,-1.365332359953015100e+02
1.930000000000000000e+04,-1.367980260623023696e+02
1.940000000000000000e+04,-1.370483146543905946e+02
1.950000000000000000e+04,-1.372832060800351996e+02
1.960000000000000000e+04,-1.375038555673114615e+02
1.970000000000000000e+04,-1.377120492016059075e+02
1.980000000000000000e+04,-1.379096196829703729e+02
1.990000000000000000e+04,-1.380982535221718024e+02
2.000000000000000000e+04,-1.382794359119637591e+02
2.010000000000000000e+04,-1.384544422288572036e+02
2.020000000000000000e+04,-1.386243475771072724e+02
2.030000000000000000e+04,-1.387900446467889424e+02
2.040000000000000000e+04,-1.389522654721331207e+02
2.050000000000000000e+04,-1.391116043957470652e+02
2.060000000000000000e+04,-1.392685404144063739e+02
2.070000000000000000e+04,-1.394234577408597033e+02
2.080000000000000000e+04,-1.395766639572844383e+02
2.090000000000000000e+04,-1.397284055500799411e+02
2.100000000000000000e+04,-1.398788808993250825e+02
2.110000000000000000e+04,-1.400282509656675813e+02
2.120000000000000000e+04,-1.401766479983666329e+02
2.130000000000000000e+04,-1.403241826061870370e+02
2.140000000000000000e+04,-1.404709495092616294e+02
2.150000000000000000e+04,-1.406170322429296107e+02
2.160000000000000000e+04,-1.407625070304742110e+02
2.170000000000000000e+04,-1.409074459958573868e+02
2.180000000000000000e+04,-1.410519198615118626e+02
2.190000000000000000e+04,-1.411960002745998963e+02
2.200000000000000000e+04,-1.413397619243841064e+02
2.210000000000000000e+04,-1.414832846442189975e+02
2.220000000000000000e+04,-1.416266557240057011e+02
2.230000000000000000e+04,-1.417699726864613581e+02
2.240000000000000000e+04,-1.419133468035194028e+02
2.250000000000000000e+04,-1.420569076550603995e+02
2.260000000000000000e+04,-1.422008090750100848e+02
2.270000000000000000e+04,-1.423452369093754442e+02
2.280000000000000000e+04,-1.424904191511849660e+02
2.290000000000000000e+04,-1.426366392439697393e+02
2.300000000000000000e+04,-1.427842536745496034e+02
2.310000000000000000e+04,-1.429337153751495748e+02
2.320000000000000000e+04,-1.430856046919033133e+02
2.330000000000000000e+04,-1.432406687606479636e+02
2.340000000000000000e+04,-1.433998644324872203e+02
2.350000000000000000e+04,-1.435643778512515780e+02
2.360000000000000000e+04,-1.437355270722484306e+02
2.370000000000000000e+04,-1.439143165331757359e+02
2.380000000000000000e+04,-1.441003686305020892e+02
2.390000000000000000e+04,-1.442906741283637473e+02
2.400000000000000000e+04,-1.444799517381782721e+02
2.410000000000000000e+04,-1.446631844334555979e+02
2.420000000000000000e+04,-1.448376221622002049e+02
2.430000000000000000e+04,-1.450026500778577088e+02
2.440000000000000000e+04,-1.451587885831966105e+02
2.450000000000000000e+04,-1.453069656355205552e+02
2.460000000000000000e+04,-1.454481849149547656e+02
2.470000000000000000e+04,-1.455834052189127021e+02
2.480000000000000000e+04,-1.457135010007299343e+02
2.490000000000000000e+04,-1.458392501933051619e+02
2.500000000000000000e+04,-1.459613320321759602e+02
2.510000000000000000e+04,-1.460803299787468461e+02
2.520000000000000000e+04,-1.461967380153646729e+02
2.530000000000000000e+04,-1.463109691508169590e+02
2.540000000000000000e+04,-1.464233650878700814e+02
2.550000000000000000e+04,-1.465342061623302072e+02
2.560000000000000000e+04,-1.466437208906948797e+02
2.570000000000000000e+04,-1.467520947013286730e+02
2.580000000000000000e+04,-1.468594776281147460e+02
2.590000000000000000e+04,-1.469659908982321781e+02
2.600000000000000000e+04,-1.470717324474969416e+02
2.610000000000000000e+04,-1.471767814564262267e+02
2.620000000000000000e+04,-1.472812020289860016e+02
2.630000000000000000e+04,-1.473850461441037112e+02
2.640000000000000000e+04,-1.474883560055742748e+02
2.650000000000000000e+04,-1.475911659047260969e+02
2.660000000000000000e+04,-1.476935036958887508e+02
2.670000000000000000e+04,-1.477953919695366096e+02
2.680000000000000000e+04,-1.478968489931798445e+02
2.690000000000000000e+04,-1.479978894762619177e+02
2.700000000000000000e+04,-1.480985252028708317e+02
2.710000000000000000e+04,-1.481987655652778813e+02
2.720000000000000000e+04,-1.482986180224335442e+02
2.730000000000000000e+04,-1.483980885007383108e+02
2.740000000000000000e+04,-1.484971817496175959e+02
2.750000000000000000e+04,-1.485959016613485346e+02
2.760000000000000000e+04,-1.486942515626610941e+02
2.770000000000000000e+04,-1.487922344842055509e+02
2.780000000000000000e+04,-1.488898534124808180e+02
2.790000000000000000e+04,-1.489871115269553172e+02
2.800000000000000000e+04,-1.490840124229249568e+02
2.810000000000000000e+04,-1.491805603184681956e+02
2.820000000000000000e+04,-1.492767602421239133e+02
2.830000000000000000e+04,-1.493726181970163793e+02
2.840000000000000000e+04,-1.494681412972572048e+02
2.850000000000000000e+04,-1.495633378734904682e+02
2.860000000000000000e+04,-1.496582175461517181e+02
2.870000000000000000e+04,-1.497527912670325634e+02
2.880000000000000000e+04,-1.498470713317692287e+02
2.890000000000000000e+04,-1.499410713676932687e+02
2.900000000000000000e+04,-1.500348063030040180e+02
2.910000000000000000e+04,-1.501282923244634162e+02
2.920000000000000000e+04,-1.502215468318505884e+02
2.930000000000000000e+04,-1.503145883983545161e+02
2.940000000000000000e+04,-1.504074367470436187e+02
2.950000000000000000e+04,-1.505001127546421742e+02
2.960000000000000000e+04,-1.505926384951827117e+02
2.970000000000000000e+04,-1.506850373378238430e+02
2.980000000000000000e+04,-1.507773341154044431e+02
2.990000000000000000e+04,-1.508695553833860288e+02
3.000000000000000000e+04,-1.509617297930512052e+02
3.010000000000000000e+04,-1.510538886086001753e+02
3.020000000000000000e+04,-1.511460664056248788e+02
3.030000000000000000e+04,-1.512383019988340891e+02
3.040000000000000000e+04,-1.513306396601434471e+02
3.050000000000000000e+04,-1.514231307039607941e+02
3.060000000000000000e+04,-1.515158355326919661e+02
3.070000000000000000e+04,-1.516088262465061689e+02
3.080000000000000000e+04,-1.517021899138283345e+02
3.090000000000000000e+04,-1.517960325440123199e+02
3.100000000000000000e+04,-1.518904836437853874e+02
3.110000000000000000e+04,-1.519857008705265571e+02
3.120000000000000000e+04,-1.520818735574509333e+02
3.130000000000000000e+04,-1.521792226037215130e+02
3.140000000000000000e+04,-1.522779924216206098e+02
3.150000000000000000e+04,-1.523784290901179475e+02
3.160000000000000000e+04,-1.524807398926151052e+02
3.170000000000000000e+04,-1.525850366026649283e+02
3.180000000000000000e+04,-1.526912790855485866e+02
3.190000000000000000e+04,-1.527992481009237054e+02
3.200000000000000000e+04,-1.529085698673119396e+02
3.210000000000000000e+04,-1.530187863570299101e+02
3.220000000000000000e+04,-1.531294381286374460e+02
3.230000000000000000e+04,-1.532401259357573622e+02
3.240000000000000000e+04,-1.533505383670571689e+02
3.250000000000000000e+04,-1.534604523870982007e+02
3.260000000000000000e+04,-1.535697200860931275e+02
3.270000000000000000e+04,-1.536782519402107994e+02
3.280000000000000000e+04,-1.537860017098524850e+02
3.290000000000000000e+04,-1.538929544758179020e+02
3.300000000000000000e+04,-1.539991176452649881e+02
3.310000000000000000e+04,-1.541045142948863997e+02
3.320000000000000000e+04,-1.542091782496491987e+02
3.330000000000000000e+04,-1.543131504422480589e+02
3.340000000000000000e+04,-1.544164762249450860e+02
3.350000000000000000e+04,-1.545192033911347664e+02
3.360000000000000000e+04,-1.546213807233967543e+02
3.370000000000000000e+04,-1.547230569328844183e+02
3.380000000000000000e+04,-1.548242798978869246e+02
3.390000000000000000e+04,-1.549250961466057106e+02
3.400000000000000000e+04,-1.550255505571286392e+02
3.410000000000000000e+04,-1.551256862632905893e+02
3.420000000000000000e+04,-1.552255447578605185e+02
3.430000000000000000e+04,-1.553251661763788718e+02
3.440000000000000000e+04,-1.554245897305452786e+02
3.450000000000000000e+04,-1.555238542453388675e+02
3.460000000000000000e+04,-1.556229987448325005e+02
3.470000000000000000e+04,-1.557220630317687551e+02
3.480000000000000000e+04,-1.558210882160602750e+02
3.490000000000000000e+04,-1.559201171650729520e+02
3.500000000000000000e+04,-1.560191948696593158e+02
3.510000000000000000e+04,-1.561183687402361784e+02
3.520000000000000000e+04,-1.562176888639024241e+02
3.530000000000000000e+04,-1.563172082655860606e+02
3.540000000000000000e+04,-1.564169832238117692e+02
3.550000000000000000e+04,-1.565170736958683335e+02
3.560000000000000000e+04,-1.566175439090465602e+02
3.570000000000000000e+04,-1.567184631753216308e+02
3.580000000000000000e+04,-1.568199069876737894e+02
3.590000000000000000e+04,-1.569219584590088061e+02
3.600000000000000000e+04,-1.570247101719701277e+02
3.610000000000000000e+04,-1.571282665232390627e+02
3.620000000000000000e+04,-1.572327466733179904e+02
3.630000000000000000e+04,-1.573382882570826382e+02
3.640000000000000000e+04,-1.574450520776409519e+02
3.650000000000000000e+04,-1.575532281052274186e+02
3.660000000000000000e+04,-1.576630432493205376e+02
3.670000000000000000e+04,-1.577747715928660170e+02
3.680000000000000000e+04,-1.578887481163297366e+02
3.690000000000000000e+04,-1.580053874519503552e+02
3.700000000000000000e+04,-1.581252099068671555e+02
3.710000000000000000e+04,-1.582488776068907725e+02
3.720000000000000000e+04,-1.583772427554412161e+02
3.730000000000000000e+04,-1.585114026105815128e+02
3.740000000000000000e+04,-1.586527264411041358e+02
3.750000000000000000e+04,-1.588027328341843827e+02
3.760000000000000000e+04,-1.589625263733759368e+02
3.770000000000000000e+04,-1.591314952195158128e+02
3.780000000000000000e+04,-1.593059835372664850e+02
3.790000000000000000e+04,-1.594801776802513018e+02
3.800000000000000000e+04,-1.596492828184439929e+02
3.810000000000000000e+04,-1.598114139440549479e+02
3.820000000000000000e+04,-1.599670158204091877e+02
3.830000000000000000e+04,-1.601176658675305475e+02
3.840000000000000000e+04,-1.602653724526045664e+02
3.850000000000000000e+04,-1.604123360432167544e+02
3.860000000000000000e+04,-1.605608781616428757e+02
3.870000000000000000e+04,-1.607132164939888241e+02
3.880000000000000000e+04,-1.608706431736178786e+02
3.890000000000000000e+04,-1.610319040119764509e+02
3.900000000000000000e+04,-1.611922377273120333e+02
3.910000000000000000e+04,-1.613454931709119364e+02
3.920000000000000000e+04,-1.614876075323406326e+02
3.930000000000000000e+04,-1.616175355382613077e+02
3.940000000000000000e+04,-1.617360381086815551e+02
3.950000000000000000e+04,-1.618444727752034851e+02
3.960000000000000000e+04,-1.619442140400389860e+02
3.970000000000000000e+04,-1.620364762904174825e+02
3.980000000000000000e+04,-1.621222952459201849e+02
3.990000000000000000e+04,-1.622025526243875220e+02
4.000000000000000000e+04,-1.622780045643586107e+02
4.010000000000000000e+04,-1.623493042970636964e+02
4.020000000000000000e+04,-1.624170188164400201e+02
4.030000000000000000e+04,-1.624816412273747801e+02
4.040000000000000000e+04,-1.625436003070316247e+02
4.050000000000000000e+04,-1.626032683100685290e+02
4.060000000000000000e+04,-1.626609676327532839e+02
4.070000000000000000e+04,-1.627169766806824214e+02
4.080000000000000000e+04,-1.627715351258964063e+02
4.090000000000000000e+04,-1.628248486515064997e+02
4.100000000000000000e+04,-1.628770932366117847e+02
4.110000000000000000e+04,-1.629284190130815944e+02
4.120000000000000000e+04,-1.629789537177296381e+02
4.130000000000000000e+04,-1.630288057620320217e+02
4.140000000000000000e+04,-1.630780669430472756e+02
4.150000000000000000e+04,-1.631268148214741700e+02
4.160000000000000000e+04,-1.631751147947133518e+02
4.170000000000000000e+04,-1.632230218938989879e+02
4.180000000000000000e+04,-1.632705823340143070e+02
4.190000000000000000e+04,-1.633178348454683260e+02
4.200000000000000000e+04,-1.633648118140821737e+02
4.210000000000000000e+04,-1.634115402545057520e+02
4.220000000000000000e+04,-1.634580426398717918e+02
4.230000000000000000e+04,-1.635043376081616202e+02
4.240000000000000000e+04,-1.635504405634368084e+02
4.250000000000000000e+04,-1.635963641878736325e+02
4.260000000000000000e+04,-1.636421188784650838e+02
4.270000000000000000e+04,-1.636877131203469844e+02
4.280000000000000000e+04,-1.637331538069474277e+02
4.290000000000000000e+04,-1.637784465155432656e+02
4.300000000000000000e+04,-1.638235957453163394e+02
4.310000000000000000e+04,-1.638686051236405490e+02
4.320000000000000000e+04,-1.639134775851157997e+02
4.330000000000000000e+04,-1.639582155268178099e+02
4.340000000000000000e+04,-1.640028209423923045e+02
4.350000000000000000e+04,-1.640472955369989734e+02
4.360000000000000000e+04,-1.640916408247088327e+02
4.370000000000000000e+04,-1.641358582097523424e+02
4.380000000000000000e+04,-1.641799490529551804e+02
4.390000000000000000e+04,-1.642239147247238975e+02
4.400000000000000000e+04,-1.642677566459904597e+02
4.410000000000000000e+04,-1.643114763185448624e+02
4.420000000000000000e+04,-1.643550753461414899e+02
4.430000000000000000e+04,-1.643985554476608115e+02
4.440000000000000000e+04,-1.644419184634426472e+02
4.450000000000000000e+04,-1.644851663557225265e+02
4.460000000000000000e+04,-1.645283012039166408e+02
4.470000000000000000e+04,-1.645713251953478391e+02
4.480000000000000000e+04,-1.646142406119006978e+02
4.490000000000000000e+04,-1.646570498130400040e+02
4.500000000000000000e+04,-1.646997552156259417e+02
4.510000000000000000e+04,-1.647423592709887430e+02
4.520000000000000000e+04,-1.647848644397793691e+02
4.530000000000000000e+04,-1.648272731651671279e+02
4.540000000000000000e+04,-1.648695878450029113e+02
4.550000000000000000e+04,-1.649118108035967225e+02
4.560000000000000000e+04,-1.649539442637681361e+02
4.570000000000000000e+04,-1.649959903198206916e+02
4.580000000000000000e+04,-1.650379509120629109e+02
4.590000000000000000e+04,-1.650798278034656903e+02
4.600000000000000000e+04,-1.651216225589968758e+02
4.610000000000000000e+04,-1.651633365281288945e+02
4.620000000000000000e+04,-1.652049708309589278e+02
4.630000000000000000e+04,-1.652465263483266540e+02
4.640000000000000000e+04,-1.652880037162440203e+02
4.650000000000000000e+04,-1.653294033248757273e+02
4.660000000000000000e+04,-1.653707253222067948e+02
4.670000000000000000e+04,-1.654119696224167342e+02
4.680000000000000000e+04,-1.654531359188349029e+02
4.690000000000000000e+04,-1.654942237011940733e+02
4.700000000000000000e+04,-1.655352322767262478e+02
4.710000000000000000e+04,-1.655761607944799607e+02
4.720000000000000000e+04,-1.656170082720900325e+02
4.730000000000000000e+04,-1.656577736241202956e+02
4.740000000000000000e+04,-1.656984556910399817e+02
4.750000000000000000e+04,-1.657390532678978161e+02
4.760000000000000000e+04,-1.657795651318214425e+02
4.770000000000000000e+04,-1.658199900675971605e+02
4.780000000000000000e+04,-1.658603268907532708e+02
4.790000000000000000e+04,-1.659005744677691325e+02
4.800000000000000000e+04,-1.659407317332335481e+02
4.810000000000000000e+04,-1.659807977039639297e+02
4.820000000000000000e+04,-1.660207714902523719e+02
4.830000000000000000e+04,-1.660606523045126721e+02
4.840000000000000000e+04,-1.661004394676659786e+02
4.850000000000000000e+04,-1.661401324136157882e+02
4.860000000000000000e+04,-1.661797306921410211e+02
4.870000000000000000e+04,-1.662192339704865276e+02
4.880000000000000000e+04,-1.662586420338695632e+02
4.890000000000000000e+04,-1.662979547850588915e+02
4.900000000000000000e+04,-1.663371722431309081e+02
4.910000000000000000e+04,-1.663762945414725891e+02
4.920000000000000000e+04,-1.664153219250810309e+02
4.930000000000000000e+04,-1.664542547472097738e+02
4.940000000000000000e+04,-1.664930934654198040e+02
4.950000000000000000e+04,-1.665318386371105817e+02
4.960000000000000000e+04,-1.665704909146224395e+02
4.970000000000000000e+04,-1.666090510400112237e+02
4.980000000000000000e+04,-1.666475198396007613e+02
4.990000000000000000e+04,-1.666858982184098750e+02
5.000000000000000000e+04,-1.667241871545369634e+02
5.010000000000000000e+04,-1.667623876935599014e+02
5.020000000000000000e+04,-1.668005009429859626e+02
5.030000000000000000e+04,-1.668385280667574193e+02
5.040000000000000000e+04,-1.668764702797964787e+02
5.050000000000000000e+04,-1.669143288425531182e+02
5.060000000000000000e+04,-1.669521050555093780e+02
5.070000000000000000e+04,-1.669898002535847752e+02
5.080000000000000000e+04,-1.670274158003906564e+02
5.090000000000000000e+04,-1.670649530822861095e+02
5.100000000000000000e+04,-1.671024135021973223e+02
5.110000000000000000e+04,-1.671397984731756026e+02
5.120000000000000000e+04,-1.671771094116823519e+02
5.130000000000000000e+04,-1.672143477306042314e+02
5.140000000000000000e+04,-1.672515148320155163e+02
5.150000000000000000e+04,-1.672886120997174828e+02
5.160000000000000000e+04,-1.673256408915982547e+02
5.170000000000000000e+04,-1.673626025318648090e+02
5.180000000000000000e+04,-1.673994983032105779e+02
5.190000000000000000e+04,-1.674363294389880821e+02
5.200000000000000000e+04,-1.674730971154635313e+02
5.210000000000000000e+04,-1.675098024442366409e+02
5.220000000000000000e+04,-1.675464464649129184e+02
5.230000000000000000e+04,-1.675830301381211029e+02
5.240000000000000000e+04,-1.676195543389738987e+02
5.250000000000000000e+04,-1.676560198510726138e+02
5.260000000000000000e+04,-1.676924273611619469e+02
5.270000000000000000e+04,-1.677287774545407331e+02
5.280000000000000000e+04,-1.677650706113379329e+02
5.290000000000000000e+04,-1.678013072037558402e+02
5.300000000000000000e+04,-1.678374874943776831e+02
5.310000000000000000e+04,-1.678736116356225523e+02
5.320000000000000000e+04,-1.679096796704120038e+02
5.330000000000000000e+04,-1.679456915340887520e+02
5.340000000000000000e+04,-1.679816470575981100e+02
5.350000000000000000e+04,-1.680175459719093283e+02
5.360000000000000000e+04,-1.680533879136187352e+02
5.370000000000000000e+04,-1.680891724316417140e+02
5.380000000000000000e+04,-1.681248989948663848e+02
5.390000000000000000e+04,-1.681605670006154014e+02
5.400000000000000000e+04,-1.681961757837400739e+02
5.410000000000000000e+04,-1.682317246261587513e+02
5.420000000000000000e+04,-1.682672127666486972e+02
5.430000000000000000e+04,-1.683026394107049555e+02
5.440000000000000000e+04,-1.683380037402959601e+02
5.450000000000000000e+04,-1.683733049233654810e+02
5.460000000000000000e+04,-1.684085421229573569e+02
5.470000000000000000e+04,-1.684437145058675469e+02
5.480000000000000000e+04,-1.684788212507570506e+02
5.490000000000000000e+04,-1.685138615556866171e+02
5.500000000000000000e+04,-1.685488346450536028e+02
5.510000000000000000e+04,-1.685837397759332532e+02
5.520000000000000000e+04,-1.686185762438338429e+02
5.530000000000000000e+04,-1.686533433878845187e+02
5.540000000000000000e+04,-1.686880405954738649e+02
5.550000000000000000e+04,-1.687226673063564988e+02
5.560000000000000000e+04,-1.687572230162396636e+02
5.570000000000000000e+04,-1.687917072798589686e+02
5.580000000000000000e+04,-1.688261197135471150e+02
5.590000000000000000e+04,-1.688604599972991309e+02
5.600000000000000000e+04,-1.688947278763390614e+02
5.610000000000000000e+04,-1.689289231621963552e+02
5.620000000000000000e+04,-1.689630457333075810e+02
5.630000000000000000e+04,-1.689970955351668067e+02
5.640000000000000000e+04,-1.690310725800580371e+02
5.650000000000000000e+04,-1.690649769464099279e+02
5.660000000000000000e+04,-1.690988087778229101e+02
5.670000000000000000e+04,-1.691325682818212215e+02
5.680000000000000000e+04,-1.691662557283862611e+02
5.690000000000000000e+04,-1.691998714483258937e+02
5.700000000000000000e+04,-1.692334158315285890e+02
5.710000000000000000e+04,-1.692668893251458826e+02
5.720000000000000000e+04,-1.693002924317344480e+02
5.730000000000000000e+04,-1.693336257073782747e+02
5.740000000000000000e+04,-1.693668897597980845e+02
5.750000000000000000e+04,-1.694000852464427851e+02
5.760000000000000000e+04,-1.694332128725446864e+02
5.770000000000000000e+04,-1.694662733891108815e+02
5.780000000000000000e+04,-1.694992675908146111e+02
5.790000000000000000e+04,-1.695321963137440662e+02
5.800000000000000000e+04,-1.695650604329655096e+02
5.810000000000000000e+04,-1.695978608598566097e+02
5.820000000000000000e+04,-1.696305985391710465e+02
5.830000000000000000e+04,-1.696632744458012212e+02
5.840000000000000000e+04,-1.696958895812145443e+02
5.850000000000000000e+04,-1.697284449695510204e+02
5.860000000000000000e+04,-1.697609416533795468e+02
5.870000000000000000e+04,-1.697933806891250015e+02
5.880000000000000000e+04,-1.698257631421895724e+02
5.890000000000000000e+04,-1.698580900818042778e+02
5.900000000000000000e+04,-1.698903625756589122e+02
5.910000000000000000e+04,-1.699225816843662358e+02
5.920000000000000000e+04,-1.699547484558281951e+02
5.930000000000000000e+04,-1.699868639195753985e+02
5.940000000000000000e+04,-1.700189290811574665e+02
5.950000000000000000e+04,-1.700509449166650029e+02
5.960000000000000000e+04,-1.700829123674627112e+02
5.970000000000000000e+04,-1.701148323352139755e+02
5.980000000000000000e+04,-1.701467056772714557e+02
5.990000000000000000e+04,-1.701785332025046387e+02
6.000000000000000000e+04,-1.702103156676255082e+02
6.010000000000000000e+04,-1.702420537740661075e+02
6.020000000000000000e+04,-1.702737481654485237e+02
6.030000000000000000e+04,-1.703053994256771091e+02
6.040000000000000000e+04,-1.703370080776676048e+02
6.050000000000000000e+04,-1.703685745827141602e+02
6.060000000000000000e+04,-1.704000993404807787e+02
6.070000000000000000e+04,-1.704315826895893053e+02
6.080000000000000000e+04,-1.704630249087625202e+02
6.090000000000000000e+04,-1.704944262184696981e+02
6.100000000000000000e+04,-1.705257867830117391e+02
6.110000000000000000e+04,-1.705571067129759513e+02
6.120000000000000000e+04,-1.705883860679857378e+02
6.130000000000000000e+04,-1.706196248596700684e+02
6.140000000000000000e+04,-1.706508230547791811e+02
6.150000000000000000e+04,-1.706819805783790116e+02
6.160000000000000000e+04,-1.707130973170656318e+02
6.170000000000000000e+04,-1.707441731221524321e+02
6.180000000000000000e+04,-1.707752078127981576e+02
6.190000000000000000e+04,-1.708062011790587462e+02
6.200000000000000000e+04,-1.708371529848637067e+02
6.210000000000000000e+04,-1.708680629709356253e+02
6.220000000000000000e+04,-1.708989308576863095e+02
6.230000000000000000e+04,-1.709297563481387101e+02
6.240000000000000000e+04,-1.709605391309342224e+02
6.250000000000000000e+04,-1.709912788834928392e+02
6.260000000000000000e+04,-1.710219752753947375e+02
6.270000000000000000e+04,-1.710526279720501748e+02
6.280000000000000000e+04,-1.710832366387136290e+02
6.290000000000000000e+04,-1.711138009448857815e+02
6.300000000000000000e+04,-1.711443205691255400e+02
6.310000000000000000e+04,-1.711747952042711916e+02
6.320000000000000000e+04,-1.712052245630451353e+02
6.330000000000000000e+04,-1.712356083839875680e+02
6.340000000000000000e+04,-1.712659464376408494e+02
6.350000000000000000e+04,-1.712962385328814321e+02
6.360000000000000000e+04,-1.713264845232801576e+02
6.370000000000000000e+04,-1.713566843133566806e+02
6.380000000000000000e+04,-1.713868378645896087e+02
6.390000000000000000e+04,-1.714169452010438306e+02
6.400000000000000000e+04,-1.714470064144842638e+02
6.410000000000000000e+04,-1.714770216688582138e+02
6.420000000000000000e+04,-1.715069912040466988e+02
6.430000000000000000e+04,-1.715369153388053007e+02
6.440000000000000000e+04,-1.715667944728386658e+02
6.450000000000000000e+04,-1.715966290879753728e+02
6.460000000000000000e+04,-1.716264197484314025e+02
6.470000000000000000e+04,-1.716561671001719276e+02
6.480000000000000000e+04,-1.716858718693965784e+02
6.490000000000000000e+04,-1.717155348601894502e+02
6.500000000000000000e+04,-1.717451569513853542e+02
6.510000000000000000e+04,-1.717747390927122240e+02
6.520000000000000000e+04,-1.718042823002742807e+02
6.530000000000000000e+04,-1.718337876514448794e+02
6.540000000000000000e+04,-1.718632562792368788e+02
6.550000000000000000e+04,-1.718926893662197131e+02
6.560000000000000000e+04,-1.719220881380481671e+02
6.570000000000000000e+04,-1.719514538566680244e+02
6.580000000000000000e+04,-1.719807878132574217e+02
6.590000000000000000e+04,-1.720100913209619478e+02
6.600000000000000000e+04,-1.720393657074762928e+02
6.610000000000000000e+04,-1.720686123075221872e+02
6.620000000000000000e+04,-1.720978324552700371e+02
6.630000000000000000e+04,-1.721270274767470596e+02
6.640000000000000000e+04,-1.721561986822737822e+02
6.650000000000000000e+04,-1.721853473589679311e+02
6.660000000000000000e+04,-1.722144747633542750e+02
6.670000000000000000e+04,-1.722435821141176291e+02
6.680000000000000000e+04,-1.722726705850374174e+02
6.690000000000000000e+04,-1.723017412981434688e+02
6.700000000000000000e+04,-1.723307953171350277e+02
6.710000000000000000e+04,-1.723598336411084233e+02
6.720000000000000000e+04,-1.723888571986441036e+02
6.730000000000000000e+04,-1.724178668423082001e+02
6.740000000000000000e+04,-1.724468633436305822e+02
6.750000000000000000e+04,-1.724758473886276420e+02
6.760000000000000000e+04,-1.725048195739440757e+02
6.770000000000000000e+04,-1.725337804036937541e+02
6.780000000000000000e+04,-1.725627302870839799e+02
6.790000000000000000e+04,-1.725916695369085119e+02
6.800000000000000000e+04,-1.726205983689954735e+02
6.810000000000000000e+04,-1.726495169026897827e+02
6.820000000000000000e+04,-1.726784251624426076e+02
6.830000000000000000e+04,-1.727073230805649757e+02
6.840000000000000000e+04,-1.727362105011858660e+02
6.850000000000000000e+04,-1.727650871854304171e+02
6.860000000000000000e+04,-1.727939528178071100e+02
6.870000000000000000e+04,-1.728228070137614623e+02
6.880000000000000000e+04,-1.728516493283208888e+02
6.890000000000000000e+04,-1.728804792657227267e+02
6.900000000000000000e+04,-1.729092962898845940e+02
6.910000000000000000e+04,-1.729380998355486270e+02
6.920000000000000000e+04,-1.729668893199078354e+02
6.930000000000000000e+04,-1.729956641545063007e+02
6.940000000000000000e+04,-1.730244237571964163e+02
6.950000000000000000e+04,-1.730531675639371088e+02
6.960000000000000000e+04,-1.730818950402244241e+02
6.970000000000000000e+04,-1.731106056919638263e+02
6.980000000000000000e+04,-1.731392990756165489e+02
6.990000000000000000e+04,-1.731679748074802205e+02
7.000000000000000000e+04,-1.731966325719979523e+02
7.010000000000000000e+04,-1.732252721290220734e+02
7.020000000000000000e+04,-1.732538933199936650e+02
7.030000000000000000e+04,-1.732824960730285397e+02
7.040000000000000000e+04,-1.733110804069307562e+02
7.050000000000000000e+04,-1.733396464341757337e+02
7.060000000000000000e+04,-1.733681943629260331e+02
7.070000000000000000e+04,-1.733967244981544695e+02
7.080000000000000000e+04,-1.734252372419583992e+02
7.090000000000000000e+04,-1.734537330931534882e+02
7.100000000000000000e+04,-1.734822126462323979e+02
7.110000000000000000e+04,-1.735106765897734249e+02
7.120000000000000000e+04,-1.735391257043745554e+02
7.130000000000000000e+04,-1.735675608601822830e+02
7.140000000000000000e+04,-1.735959830140742781e+02
7.150000000000000000e+04,-1.736243932065457329e+02
7.160000000000000000e+04,-1.736527925583395415e+02
7.170000000000000000e+04,-1.736811822668518630e+02
7.180000000000000000e+04,-1.737095636023370275e+02
7.190000000000000000e+04,-1.737379379039293212e+02
7.200000000000000000e+04,-1.737663065754948377e+02
7.210000000000000000e+04,-1.737946710813236564e+02
7.220000000000000000e+04,-1.738230329416721247e+02
7.230000000000000000e+04,-1.738513937281652488e+02
7.240000000000000000e+04,-1.738797550590727496e+02
7.250000000000000000e+04,-1.739081185944770311e+02
7.260000000000000000e+04,-1.739364860313567078e+02
7.270000000000000000e+04,-1.739648590986186605e+02
7.280000000000000000e+04,-1.739932395521194053e+02
7.290000000000000000e+04,-1.740216291697277882e+02
7.300000000000000000e+04,-1.740500297464922141e+02
7.310000000000000000e+04,-1.740784430899871040e+02
7.320000000000000000e+04,-1.741068710159274815e+02
7.330000000000000000e+04,-1.741353153441510528e+02
7.340000000000000000e+04,-1.741637778950831432e+02
7.350000000000000000e+04,-1.741922604868116480e+02
7.360000000000000000e+04,-1.742207649329128856e+02
7.370000000000000000e+04,-1.742492930411840177e+02
7.380000000000000000e+04,-1.742778466134516009e+02
7.390000000000000000e+04,-1.743064274466412655e+02
7.400000000000000000e+04,-1.743350373353107159e+02
7.410000000000000000e+04,-1.743636780758665736e+02
7.420000000000000000e+04,-1.743923514727089810e+02
7.430000000000000000e+04,-1.744210593465713259e+02
7.440000000000000000e+04,-1.744498035453565308e+02
7.450000000000000000e+04,-1.744785859578068425e+02
7.460000000000000000e+04,-1.745074085303930360e+02
7.470000000000000000e+04,-1.745362732878650149e+02
7.480000000000000000e+04,-1.745651823579804898e+02
7.490000000000000000e+04,-1.745941380010166313e+02
7.500000000000000000e+04,-1.746231426447857302e+02
7.510000000000000000e+04,-1.746521989260201906e+02
7.520000000000000000e+04,-1.746813097391747078e+02
7.530000000000000000e+04,-1.747104782939297252e+02
7.540000000000000000e+04,-1.747397081829788021e+02
7.550000000000000000e+04,-1.747690034620706570e+02
7.560000000000000000e+04,-1.747983687447729721e+02
7.570000000000000000e+04,-1.748278093150697146e+02
7.580000000000000000e+04,-1.748573312617368174e+02
7.590000000000000000e+04,-1.748869416395223197e+02
7.600000000000000000e+04,-1.749166486635560886e+02
7.610000000000000000e+04,-1.749464619452292311e+02
7.620000000000000000e+04,-1.749763927801199372e+02
7.630000000000000000e+04,-1.750064545015414410e+02
7.640000000000000000e+04,-1.750366629170846977e+02
7.650000000000000000e+04,-1.750670368502516112e+02
7.660000000000000000e+04,-1.750975988149604632e+02
7.670000000000000000e+04,-1.751283758571681233e+02
7.680000000000000000e+04,-1.751594006043992238e+02
7.690000000000000000e+04,-1.751907125688497899e+02
7.700000000000000000e+04,-1.752223597491371834e+02
7.710000000000000000e+04,-1.752544005620600842e+02
7.720000000000000000e+04,-1.752869060946236175e+02
7.730000000000000000e+04,-1.753199625731764399e+02
7.740000000000000000e+04,-1.753536737615937113e+02
7.750000000000000000e+04,-1.753881626724573266e+02
7.760000000000000000e+04,-1.754235714620371027e+02
7.770000000000000000e+04,-1.754600577185756549e+02
7.780000000000000000e+04,-1.754977848065157389e+02
7.790000000000000000e+04,-1.755369041686844298e+02
7.800000000000000000e+04,-1.755775295497294621e+02
7.810000000000000000e+04,-1.756197075677456212e+02
7.820000000000000000e+04,-1.756633943410838867e+02
7.830000000000000000e+04,-1.757084494972932589e+02
7.840000000000000000e+04,-1.757546529362211913e+02
7.850000000000000000e+04,-1.758017387371575069e+02
7.860000000000000000e+04,-1.758494330833315473e+02
7.870000000000000000e+04,-1.758974843708953699e+02
7.880000000000000000e+04,-1.759456806041801826e+02
7.890000000000000000e+04,-1.759938553730223134e+02
7.900000000000000000e+04,-1.760418862429665410e+02
7.910000000000000000e+04,-1.760896891665192356e+02
7.920000000000000000e+04,-1.761372113707372478e+02
7.930000000000000000e+04,-1.761844241485381701e+02
7.940000000000000000e+04,-1.762313163203680517e+02
7.950000000000000000e+04,-1.762778887383546760e+02
7.960000000000000000e+04,-1.763241499527446479e+02
7.970000000000000000e+04,-1.763701129919437847e+02
7.980000000000000000e+04,-1.764157931065605851e+02
7.990000000000000000e+04,-1.764612062851927021e+02
8.000000000000000000e+04,-1.765063683502272340e+02
8.010000000000000000e+04,-1.765512944675685958e+02
8.020000000000000000e+04,-1.765959989394585250e+02
8.030000000000000000e+04,-1.766404951841432478e+02
8.040000000000000000e+04,-1.766847958348577379e+02
8.050000000000000000e+04,-1.767289129117929747e+02
8.060000000000000000e+04,-1.767728580349213701e+02
8.070000000000000000e+04,-1.768166426543469925e+02
8.080000000000000000e+04,-1.768602782801845592e+02
8.090000000000000000e+04,-1.769037766976658190e+02
8.100000000000000000e+04,-1.769471501565678579e+02
8.110000000000000000e+04,-1.769904115278121992e+02
8.120000000000000000e+04,-1.770335744242234171e+02
8.130000000000000000e+04,-1.770766532865214344e+02
8.140000000000000000e+04,-1.771196634390855706e+02
8.150000000000000000e+04,-1.771626211224266854e+02
8.160000000000000000e+04,-1.772055435104685444e+02
8.170000000000000000e+04,-1.772484487207982511e+02
8.180000000000000000e+04,-1.772913558253196129e+02
8.190000000000000000e+04,-1.773342848676454366e+02
8.200000000000000000e+04,-1.773772568924698305e+02
8.210000000000000000e+04,-1.774202939913761270e+02
8.220000000000000000e+04,-1.774634193692552060e+02
8.230000000000000000e+04,-1.775066574358361322e+02
8.240000000000000000e+04,-1.775500339277936916e+02
8.250000000000000000e+04,-1.775935760684758122e+02
8.260000000000000000e+04,-1.776373127744282101e+02
8.270000000000000000e+04,-1.776812749205107309e+02
8.280000000000000000e+04,-1.777254956784398985e+02
8.290000000000000000e+04,-1.777700109470306984e+02
8.300000000000000000e+04,-1.778148598963388451e+02
8.310000000000000000e+04,-1.778600856526033738e+02
8.320000000000000000e+04,-1.779057361569671514e+02
8.330000000000000000e+04,-1.779518652395027516e+02
8.340000000000000000e+04,-1.779985339628511838e+02
8.350000000000000000e+04,-1.780458123094421126e+02
8.360000000000000000e+04,-1.780937813165551518e+02
8.370000000000000000e+04,-1.781425358095580123e+02
8.380000000000000000e+04,-1.781921879524321639e+02
8.390000000000000000e+04,-1.782428719354019790e+02
8.400000000000000000e+04,-1.782947502643734765e+02
8.410000000000000000e+04,-1.783480223217065941e+02
8.420000000000000000e+04,-1.784029361497869957e+02
8.430000000000000000e+04,-1.784598047733787496e+02
8.440000000000000000e+04,-1.785190287637220763e+02
8.450000000000000000e+04,-1.785811268433188559e+02
8.460000000000000000e+04,-1.786467749706845893e+02
8.470000000000000000e+04,-1.787168477814293510e+02
8.480000000000000000e+04,-1.787924339737324431e+02
8.490000000000000000e+04,-1.788747365169031980e+02
8.500000000000000000e+04,-1.789646545590864264e+02
8.510000000000000000e+04,-1.790618223856108102e+02
8.520000000000000000e+04,-1.791634964273605988e+02
8.530000000000000000e+04,-1.792648442252015286e+02
8.540000000000000000e+04,-1.793612175471426724e+02
8.550000000000000000e+04,-1.794500610979757766e+02
8.560000000000000000e+04,-1.795308603981679312e+02
8.570000000000000000e+04,-1.796041840166853092e+02
8.580000000000000000e+04,-1.796709412707006095e+02
8.590000000000000000e+04,-1.797320380320654181e+02
8.600000000000000000e+04,-1.797882669820965020e+02
8.610000000000000000e+04,-1.798402940656996236e+02
8.620000000000000000e+04,-1.798886746666743193e+02
8.630000000000000000e+04,-1.799338744879725027e+02
8.640000000000000000e+04,-1.799762876680856607e+02
8.650000000000000000e+04,-1.800162508978419851e+02
8.660000000000000000e+04,-1.800540541037248090e+02
8.670000000000000000e+04,-1.800899485533918494e+02
8.680000000000000000e+04,-1.801241531054968164e+02
8.690000000000000000e+04,-1.801568591295156523e+02
8.700000000000000000e+04,-1.801882344593019809e+02
8.710000000000000000e+04,-1.802184266291416179e+02
8.720000000000000000e+04,-1.802475655638435796e+02
8.730000000000000000e+04,-1.802757658433586698e+02
8.740000000000000000e+04,-1.803031286285749957e+02
8.750000000000000000e+04,-1.803297433121951201e+02
8.760000000000000000e+04,-1.803556889430180661e+02
8.770000000000000000e+04,-1.803810354610315301e+02
8.780000000000000000e+04,-1.804058447728833130e+02
8.790000000000000000e+04,-1.804301716915402949e+02
8.800000000000000000e+04,-1.804540647596029714e+02
8.810000000000000000e+04,-1.804775669724025988e+02
8.820000000000000000e+04,-1.805007164143805198e+02
8.830000000000000000e+04,-1.805235468201471463e+02
8.840000000000000000e+04,-1.805460880699105246e+02
8.850000000000000000e+04,-1.805683666275581629e+02
8.860000000000000000e+04,-1.805904059285085168e+02
8.870000000000000000e+04,-1.806122267234665628e+02
8.880000000000000000e+04,-1.806338473833924354e+02
8.890000000000000000e+04,-1.806552841702865919e+02
8.900000000000000000e+04,-1.806765514777968065e+02
8.910000000000000000e+04,-1.806976620451353597e+02
8.920000000000000000e+04,-1.807186271473539421e+02
8.930000000000000000e+04,-1.807394567646413748e+02
8.940000000000000000e+04,-1.807601597329780247e+02
8.950000000000000000e+04,-1.807807438781990186e+02
8.960000000000000000e+04,-1.808012161352665714e+02
8.970000000000000000e+04,-1.808215826543423361e+02
8.980000000000000000e+04,-1.808418488950631513e+02
8.990000000000000000e+04,-1.808620197102642635e+02
9.000000000000000000e+04,-1.808820994202548036e+02
9.010000000000000000e+04,-1.809020918786312109e+02
9.020000000000000000e+04,-1.809220005305083134e+02
9.030000000000000000e+04,-1.809418284639582168e+02
9.040000000000000000e+04,-1.809615784553659523e+02
9.050000000000000000e+04,-1.809812530093411169e+02
9.060000000000000000e+04,-1.810008543937632339e+02
9.070000000000000000e+04,-1.810203846704801833e+02
9.080000000000000000e+04,-1.810398457221321280e+02
9.090000000000000000e+04,-1.810592392755249875e+02
9.100000000000000000e+04,-1.810785669219386307e+02
9.110000000000000000e+04,-1.810978301347143429e+02
9.120000000000000000e+04,-1.811170302844350886e+02
9.130000000000000000e+04,-1.811361686519779255e+02
9.140000000000000000e+04,-1.811552464396903588e+02
9.150000000000000000e+04,-1.811742647809162463e+02
9.160000000000000000e+04,-1.811932247480742149e+02
9.170000000000000000e+04,-1.812121273594684681e+02
9.180000000000000000e+04,-1.812309735849957804e+02
9.190000000000000000e+04,-1.812497643508924341e+02
9.200000000000000000e+04,-1.812685005436532322e+02
9.210000000000000000e+04,-1.812871830132394848e+02
9.220000000000000000e+04,-1.813058125756813581e+02
9.230000000000000000e+04,-1.813243900151714456e+02
9.240000000000000000e+04,-1.813429160857347426e+02
9.250000000000000000e+04,-1.813613915125550307e+02
9.260000000000000000e+04,-1.813798169930266511e+02
9.270000000000000000e+04,-1.813981931975977773e+02
9.280000000000000000e+04,-1.814165207704614886e+02
9.290000000000000000e+04,-1.814348003301469703e+02
9.300000000000000000e+04,-1.814530324700556889e+02
9.310000000000000000e+04,-1.814712177589833004e+02
9.320000000000000000e+04,-1.814893567416599751e+02
9.330000000000000000e+04,-1.815074499393381586e+02
9.340000000000000000e+04,-1.815254978504501651e+02
9.350000000000000000e+04,-1.815435009513517173e+02
9.360000000000000000e+04,-1.815614596971639116e+02
9.370000000000000000e+04,-1.815793745227191209e+02
9.380000000000000000e+04,-1.815972458436124839e+02
9.390000000000000000e+04,-1.816150740573556845e+02
9.400000000000000000e+04,-1.816328595446263421e+02
9.410000000000000000e+04,-1.816506026706014154e+02
9.420000000000000000e+04,-1.816683037863624008e+02
9.430000000000000000e+04,-1.816859632303552416e+02
9.440000000000000000e+04,-1.817035813298886637e+02
9.450000000000000000e+04,-1.817211584026512128e+02
9.460000000000000000e+04,-1.817386947582295704e+02
9.470000000000000000e+04,-1.817561906996074015e+02
9.480000000000000000e+04,-1.817736465246284752e+02
9.490000000000000000e+04,-1.817910625274051881e+02
9.500000000000000000e+04,-1.818084389996569143e+02
9.510000000000000000e+04,-1.818257762319641984e+02
9.520000000000000000e+04,-1.818430745149253482e+02
9.530000000000000000e+04,-1.818603341402049693e+02
9.540000000000000000e+04,-1.818775554014651448e+02
9.550000000000000000e+04,-1.818947385951726403e+02
9.560000000000000000e+04,-1.819118840212762223e+02
9.570000000000000000e+04,-1.819289919837512457e+02
9.580000000000000000e+04,-1.819460627910090409e+02
9.590000000000000000e+04,-1.819630967561717796e+02
9.600000000000000000e+04,-1.819800941972126225e+02
9.610000000000000000e+04,-1.819970554369648994e+02
9.620000000000000000e+04,-1.820139808030026529e+02
9.630000000000000000e+04,-1.820308706273975190e+02
9.640000000000000000e+04,-1.820477252463576576e+02
9.650000000000000000e+04,-1.820645449997533944e+02
9.660000000000000000e+04,-1.820813302305373895e+02
9.670000000000000000e+04,-1.820980812840658984e+02
9.680000000000000000e+04,-1.821147985073278051e+02
9.690000000000000000e+04,-1.821314822480904070e+02
9.700000000000000000e+04,-1.821481328539684625e+02
9.710000000000000000e+04,-1.821647506714256508e+02
9.720000000000000000e+04,-1.821813360447163461e+02
9.730000000000000000e+04,-1.821978893147760914e+02
9.740000000000000000e+04,-1.822144108180698368e+02
9.750000000000000000e+04,-1.822309008854068395e+02
9.760000000000000000e+04,-1.822473598407316899e+02
9.770000000000000000e+04,-1.822637879999010693e+02
9.780000000000000000e+04,-1.822801856694568983e+02
9.790000000000000000e+04,-1.822965531454060510e+02
9.800000000000000000e+04,-1.823128907120188842e+02
9.810000000000000000e+04,-1.823291986406573528e+02
9.820000000000000000e+04,-1.823454771886462140e+02
9.830000000000000000e+04,-1.823617265981998798e+02
9.840000000000000000e+04,-1.823779470954181647e+02
9.850000000000000000e+04,-1.823941388893646263e+02
9.860000000000000000e+04,-1.824103021712412271e+02
9.870000000000000000e+04,-1.824264371136725913e+02
9.880000000000000000e+04,-1.824425438701121038e+02
9.890000000000000000e+04,-1.824586225743824741e+02
9.900000000000000000e+04,-1.824746733403604253e+02
9.910000000000000000e+04,-1.824906962618144064e+02
9.920000000000000000e+04,-1.825066914124020059e+02
9.930000000000000000e+04,-1.825226588458306765e+02
9.940000000000000000e+04,-1.825385985961833057e+02
9.950000000000000000e+04,-1.825545106784064160e+02
9.960000000000000000e+04,-1.825703950889560758e+02
9.970000000000000000e+04,-1.825862518065931965e+02
9.980000000000000000e+04,-1.826020807933170431e+02
9.990000000000000000e+04,-1.826178819954225503e+02
